Nucleotide Position,Mutation Type,Product
1627,Transition,12S ribosomal RNA
2410,Transition,16S ribosomal RNA
"2930, 2931",Inversion,16S ribosomal RNA
2987,Transition,16S ribosomal RNA
4143,Transition,NADH dehydrogenase subunit 1
6542,Transition,cytochrome c oxidase subunit I
7064,Transition,cytochrome c oxidase subunit I
9361,Transition,ATP synthase F0 subunit 6
9552,Transition,cytochrome c oxidase subunit III
9715,Transition,cytochrome c oxidase subunit III
9867,Transversion,cytochrome c oxidase subunit III
9894,Transversion,cytochrome c oxidase subunit III
10002,Transition,cytochrome c oxidase subunit III
10032,Transversion,cytochrome c oxidase subunit III
11294,Transition,NADH dehydrogenase subunit 4
12936,Transition,NADH dehydrogenase subunit 5
13294,Transition,NADH dehydrogenase subunit 5
13701,Transition,NADH dehydrogenase subunit 5
14324,Transition,NADH dehydrogenase subunit 5